employee_id,historical_absence_rate,historical_late_rate,punch_latency_trend,absentee_momentum,role_exposure,tenure_phase,weekly_schedule
3347269991af564abc11ec0a8183a3bdfc6a3facfe132ac002185a07b64cc997,0.05,0.17,29.9,30,mixed,veteran,"{""monday"": ""09:00-17:00"", ""tuesday"": ""09:00-17:00"", ""wednesday"": ""09:00-17:00"", ""thursday"": ""09:00-17:00"", ""friday"": ""09:00-17:00"", ""saturday"": null, ""sunday"": null}"
06d00caa75bf41824077a63784b9f55da1b2c06138125daf731a49c7843f0f7c,0.05,0.15,30.5,23,outdoor,new_hire,"{""monday"": ""09:00-17:00"", ""tuesday"": ""09:00-17:00"", ""wednesday"": ""09:00-17:00"", ""thursday"": ""09:00-17:00"", ""friday"": ""09:00-17:00"", ""saturday"": null, ""sunday"": null}"
a2d66c870c79ab12322179b8014e69232d56fe82e1322088eb0687ef1f09cde0,0.06,0.16,29.6,30,outdoor,standard,"{""monday"": ""09:00-17:00"", ""tuesday"": ""09:00-17:00"", ""wednesday"": ""09:00-17:00"", ""thursday"": ""09:00-17:00"", ""friday"": ""09:00-17:00"", ""saturday"": null, ""sunday"": null}"
ac9d64d9138ded30038638618f4c6f9e4333f7b3094e7d88b33b911522fad3d1,0.06,0.18,35.7,12,mixed,veteran,"{""monday"": ""09:00-17:00"", ""tuesday"": ""09:00-17:00"", ""wednesday"": ""09:00-17:00"", ""thursday"": ""09:00-17:00"", ""friday"": ""09:00-17:00"", ""saturday"": null, ""sunday"": null}"
6323bd483965f6d808fe42fc0007a95ec40a58804e58904cd2216e1e2114493f,0.05,0.17,32.7,30,indoor,veteran,"{""monday"": ""09:00-17:00"", ""tuesday"": ""09:00-17:00"", ""wednesday"": ""09:00-17:00"", ""thursday"": ""09:00-17:00"", ""friday"": ""09:00-17:00"", ""saturday"": null, ""sunday"": null}"
e8b1f9da2175f668c91f3ede90b2d8c60b8b64e170d072e73367dda232ad2012,0.05,0.16,31.5,30,mixed,standard,"{""monday"": ""09:00-17:00"", ""tuesday"": ""09:00-17:00"", ""wednesday"": ""09:00-17:00"", ""thursday"": ""09:00-17:00"", ""friday"": ""09:00-17:00"", ""saturday"": null, ""sunday"": null}"
dc2a02aab2190310909d0cf91ce40a1a0de8ccd5cfa8bc4da0045f101637c4f0,0.03,0.17,32.3,16,mixed,new_hire,"{""monday"": ""09:00-17:00"", ""tuesday"": ""09:00-17:00"", ""wednesday"": ""09:00-17:00"", ""thursday"": ""09:00-17:00"", ""friday"": ""09:00-17:00"", ""saturday"": null, ""sunday"": null}"
cefdfab84db21c1183572cad984031b51ced3cb1ed4e0b82b1471e2ac9a73062,0.05,0.12,28.7,30,mixed,new_hire,"{""monday"": ""09:00-17:00"", ""tuesday"": ""09:00-17:00"", ""wednesday"": ""09:00-17:00"", ""thursday"": ""09:00-17:00"", ""friday"": ""09:00-17:00"", ""saturday"": null, ""sunday"": null}"
0f567fd499e84492c9071f1f1f900629e757f81c4e0cf98690b5b0f4d41557fc,0.05,0.17,28.0,10,indoor,veteran,"{""monday"": ""09:00-17:00"", ""tuesday"": ""09:00-17:00"", ""wednesday"": ""09:00-17:00"", ""thursday"": ""09:00-17:00"", ""friday"": ""09:00-17:00"", ""saturday"": null, ""sunday"": null}"
afa27860c62b86c885585c7a2badc906d5cedaccb631cc3f8f76c6afda1f8afb,0.06,0.15,31.8,30,outdoor,standard,"{""monday"": ""09:00-17:00"", ""tuesday"": ""09:00-17:00"", ""wednesday"": ""09:00-17:00"", ""thursday"": ""09:00-17:00"", ""friday"": ""09:00-17:00"", ""saturday"": null, ""sunday"": null}"
31feadf9d84b22252d8ed1822605c58c071389637b75265a22ff797a6fac0ea9,0.04,0.17,30.3,30,indoor,new_hire,"{""monday"": ""09:00-17:00"", ""tuesday"": ""09:00-17:00"", ""wednesday"": ""09:00-17:00"", ""thursday"": ""09:00-17:00"", ""friday"": ""09:00-17:00"", ""saturday"": null, ""sunday"": null}"
286fa1b0a7a5d5422a01eea2b26e43da55b3ad9cb634a97f63fcdb92f6220985,0.05,0.15,29.8,30,mixed,new_hire,"{""monday"": ""09:00-17:00"", ""tuesday"": ""09:00-17:00"", ""wednesday"": ""09:00-17:00"", ""thursday"": ""09:00-17:00"", ""friday"": ""09:00-17:00"", ""saturday"": null, ""sunday"": null}"
95689353ef6c51e89ea17750fc5d48a412d94dd42e3b839b9e8461e3b4386c4c,0.05,0.13,32.2,30,indoor,new_hire,"{""monday"": ""09:00-17:00"", ""tuesday"": ""09:00-17:00"", ""wednesday"": ""09:00-17:00"", ""thursday"": ""09:00-17:00"", ""friday"": ""09:00-17:00"", ""saturday"": null, ""sunday"": null}"
e4dd25440b13a9495ba5cdb626cffaef727090d9f74ac6a68e110c0c7f086cf7,0.06,0.15,29.3,29,outdoor,standard,"{""monday"": ""09:00-17:00"", ""tuesday"": ""09:00-17:00"", ""wednesday"": ""09:00-17:00"", ""thursday"": ""09:00-17:00"", ""friday"": ""09:00-17:00"", ""saturday"": null, ""sunday"": null}"
d7081ce6afe85bc07bcf0d5cf3eb69509482221c914f211455a649b77ad4f11e,0.06,0.12,28.7,30,outdoor,new_hire,"{""monday"": ""09:00-17:00"", ""tuesday"": ""09:00-17:00"", ""wednesday"": ""09:00-17:00"", ""thursday"": ""09:00-17:00"", ""friday"": ""09:00-17:00"", ""saturday"": null, ""sunday"": null}"
93d7ab6c9a26335fd5cd195595a7046d796662a6c638d2d904037d0dfbf234a9,0.04,0.14,37.3,4,mixed,standard,"{""monday"": ""09:00-17:00"", ""tuesday"": ""09:00-17:00"", ""wednesday"": ""09:00-17:00"", ""thursday"": ""09:00-17:00"", ""friday"": ""09:00-17:00"", ""saturday"": null, ""sunday"": null}"
65e5592804164c9df2ae35355b15b03635a9f698011664104699554e8a603b05,0.03,0.16,29.9,12,outdoor,standard,"{""monday"": ""09:00-17:00"", ""tuesday"": ""09:00-17:00"", ""wednesday"": ""09:00-17:00"", ""thursday"": ""09:00-17:00"", ""friday"": ""09:00-17:00"", ""saturday"": null, ""sunday"": null}"
f708485ee1e4482d2f46ccff5edc608796014eb7ba182c39ec7f690e1fd8b85e,0.05,0.14,31.2,15,mixed,veteran,"{""monday"": ""09:00-17:00"", ""tuesday"": ""09:00-17:00"", ""wednesday"": ""09:00-17:00"", ""thursday"": ""09:00-17:00"", ""friday"": ""09:00-17:00"", ""saturday"": null, ""sunday"": null}"
b06ee94ea7552bcc904f8c67721a6342704b80a479840207239b1bb53f90c818,0.05,0.17,27.4,18,outdoor,new_hire,"{""monday"": ""09:00-17:00"", ""tuesday"": ""09:00-17:00"", ""wednesday"": ""09:00-17:00"", ""thursday"": ""09:00-17:00"", ""friday"": ""09:00-17:00"", ""saturday"": null, ""sunday"": null}"
7dd02d8a2c7b8a46f6b502aa2d78357b58b06ff836c39f63bdafe331e76ecdcd,0.07,0.15,31.1,30,outdoor,veteran,"{""monday"": ""09:00-17:00"", ""tuesday"": ""09:00-17:00"", ""wednesday"": ""09:00-17:00"", ""thursday"": ""09:00-17:00"", ""friday"": ""09:00-17:00"", ""saturday"": null, ""sunday"": null}"
aba706463096a3432efba8223c39d3abba1026a511cb2519d5b20b000de310e3,0.05,0.15,32.7,15,outdoor,new_hire,"{""monday"": ""09:00-17:00"", ""tuesday"": ""09:00-17:00"", ""wednesday"": ""09:00-17:00"", ""thursday"": ""09:00-17:00"", ""friday"": ""09:00-17:00"", ""saturday"": null, ""sunday"": null}"
d3b744344977f6769ca6a4c1141b1d2dd4bc1034841e308f77035e286dd985a8,0.05,0.13,33.5,19,mixed,standard,"{""monday"": ""09:00-17:00"", ""tuesday"": ""09:00-17:00"", ""wednesday"": ""09:00-17:00"", ""thursday"": ""09:00-17:00"", ""friday"": ""09:00-17:00"", ""saturday"": null, ""sunday"": null}"
27c17ecf1af312cc00ba61f7a000f280a56f8c0a2c677c5331c2980bb657a8e3,0.03,0.14,30.8,19,mixed,new_hire,"{""monday"": ""09:00-17:00"", ""tuesday"": ""09:00-17:00"", ""wednesday"": ""09:00-17:00"", ""thursday"": ""09:00-17:00"", ""friday"": ""09:00-17:00"", ""saturday"": null, ""sunday"": null}"
6a11fd3cce334a2ff951be3718d0b7f06c0d9387a72dc34016add933becd2af1,0.06,0.13,32.5,30,mixed,standard,"{""monday"": ""09:00-17:00"", ""tuesday"": ""09:00-17:00"", ""wednesday"": ""09:00-17:00"", ""thursday"": ""09:00-17:00"", ""friday"": ""09:00-17:00"", ""saturday"": null, ""sunday"": null}"
dfc6686d59a4c46ba729d6bc7c1900e197086900018118aac3aa928d00498741,0.04,0.17,32.4,28,outdoor,veteran,"{""monday"": ""09:00-17:00"", ""tuesday"": ""09:00-17:00"", ""wednesday"": ""09:00-17:00"", ""thursday"": ""09:00-17:00"", ""friday"": ""09:00-17:00"", ""saturday"": null, ""sunday"": null}"
15c6afd491425a791649c5e14788b4eb8f9a8164365601772c6ba4f6959d77af,0.05,0.16,28.8,30,outdoor,new_hire,"{""monday"": ""09:00-17:00"", ""tuesday"": ""09:00-17:00"", ""wednesday"": ""09:00-17:00"", ""thursday"": ""09:00-17:00"", ""friday"": ""09:00-17:00"", ""saturday"": null, ""sunday"": null}"
8bcfb9e7bd52614247b4a7df2fb450da161616782ff9a8aa10b75bbe1c4f3095,0.04,0.13,29.8,30,mixed,new_hire,"{""monday"": ""09:00-17:00"", ""tuesday"": ""09:00-17:00"", ""wednesday"": ""09:00-17:00"", ""thursday"": ""09:00-17:00"", ""friday"": ""09:00-17:00"", ""saturday"": null, ""sunday"": null}"
04f319d2bd491e012b986e27ede3bee5a7b2c9d34a7c1de0fc35bcc9ab2d60a3,0.06,0.15,27.5,16,outdoor,veteran,"{""monday"": ""09:00-17:00"", ""tuesday"": ""09:00-17:00"", ""wednesday"": ""09:00-17:00"", ""thursday"": ""09:00-17:00"", ""friday"": ""09:00-17:00"", ""saturday"": null, ""sunday"": null}"
7464dcb30afcbbefc8cca82f701f3a5074b00e7b49f556bb383116cd83d9b25e,0.06,0.17,32.2,30,outdoor,veteran,"{""monday"": ""09:00-17:00"", ""tuesday"": ""09:00-17:00"", ""wednesday"": ""09:00-17:00"", ""thursday"": ""09:00-17:00"", ""friday"": ""09:00-17:00"", ""saturday"": null, ""sunday"": null}"
f51aa6ac92232ab70bed7a3795c71feb7053e9944dc6525500b71144e1125819,0.05,0.14,29.9,15,indoor,new_hire,"{""monday"": ""09:00-17:00"", ""tuesday"": ""09:00-17:00"", ""wednesday"": ""09:00-17:00"", ""thursday"": ""09:00-17:00"", ""friday"": ""09:00-17:00"", ""saturday"": null, ""sunday"": null}"
79154cfbca2a7b3dcef927f350ae7174828a6c08271224cec3e06f4be0521632,0.03,0.13,28.9,10,outdoor,new_hire,"{""monday"": ""09:00-17:00"", ""tuesday"": ""09:00-17:00"", ""wednesday"": ""09:00-17:00"", ""thursday"": ""09:00-17:00"", ""friday"": ""09:00-17:00"", ""saturday"": null, ""sunday"": null}"
248f0624a9851089fe1f3ea469d35518a4ed4af6b69dfb613384778813ada3cc,0.03,0.1,16.8,1,outdoor,veteran,"{""monday"": ""09:00-17:00"", ""tuesday"": ""09:00-17:00"", ""wednesday"": ""09:00-17:00"", ""thursday"": ""09:00-17:00"", ""friday"": ""09:00-17:00"", ""saturday"": null, ""sunday"": null}"
f1e44140389ef6fbc7b7f4331f44ddc88d67c5a645618c185599774017e575f9,0.05,0.14,28.6,13,outdoor,veteran,"{""monday"": ""09:00-17:00"", ""tuesday"": ""09:00-17:00"", ""wednesday"": ""09:00-17:00"", ""thursday"": ""09:00-17:00"", ""friday"": ""09:00-17:00"", ""saturday"": null, ""sunday"": null}"
0755f6debb71e9b222becaeb487b4a416f13cae2ad44d7f97c1deba466399d58,0.08,0.17,22.8,5,indoor,new_hire,"{""monday"": ""09:00-17:00"", ""tuesday"": ""09:00-17:00"", ""wednesday"": ""09:00-17:00"", ""thursday"": ""09:00-17:00"", ""friday"": ""09:00-17:00"", ""saturday"": null, ""sunday"": null}"
0d01c5b361127e4d675a663af1b4b7cb732064f0211128c49c9b8e3fd7c21187,0.04,0.13,34.5,11,outdoor,new_hire,"{""monday"": ""09:00-17:00"", ""tuesday"": ""09:00-17:00"", ""wednesday"": ""09:00-17:00"", ""thursday"": ""09:00-17:00"", ""friday"": ""09:00-17:00"", ""saturday"": null, ""sunday"": null}"
734ba0f09782a6c8a39b9efbfe716f812575e3869cff1ffc969283c6b2be5fac,0.05,0.18,29.0,13,outdoor,standard,"{""monday"": ""09:00-17:00"", ""tuesday"": ""09:00-17:00"", ""wednesday"": ""09:00-17:00"", ""thursday"": ""09:00-17:00"", ""friday"": ""09:00-17:00"", ""saturday"": null, ""sunday"": null}"
8ce78199d655988cd555d6f1c64113c2fe50dbf455c394380c103865d837cad5,0.03,0.23,36.3,2,outdoor,new_hire,"{""monday"": ""09:00-17:00"", ""tuesday"": ""09:00-17:00"", ""wednesday"": ""09:00-17:00"", ""thursday"": ""09:00-17:00"", ""friday"": ""09:00-17:00"", ""saturday"": null, ""sunday"": null}"
8bed13d12b6a47224edf9d9a3954edf65e9eb359b3127f69ae8adc6fe8c4dbc3,0.04,0.16,29.4,28,indoor,standard,"{""monday"": ""09:00-17:00"", ""tuesday"": ""09:00-17:00"", ""wednesday"": ""09:00-17:00"", ""thursday"": ""09:00-17:00"", ""friday"": ""09:00-17:00"", ""saturday"": null, ""sunday"": null}"
29a18b1f9758bfbb02c360c21caae536e988ae067cfacd58768e9d4a38bbde79,0.08,0.14,34.3,30,outdoor,standard,"{""monday"": ""09:00-17:00"", ""tuesday"": ""09:00-17:00"", ""wednesday"": ""09:00-17:00"", ""thursday"": ""09:00-17:00"", ""friday"": ""09:00-17:00"", ""saturday"": null, ""sunday"": null}"
74d7b30fe7be12a06b1d79eeb3d3aa5f31fa850e55fa005e537bcb23456c302a,0.06,0.17,31.9,11,indoor,veteran,"{""monday"": ""09:00-17:00"", ""tuesday"": ""09:00-17:00"", ""wednesday"": ""09:00-17:00"", ""thursday"": ""09:00-17:00"", ""friday"": ""09:00-17:00"", ""saturday"": null, ""sunday"": null}"
e0fd2ea38fe46a9a2bc13d15c4d0ea854cbf67886bcf8700bb65337808890686,0.06,0.13,30.3,30,outdoor,standard,"{""monday"": ""09:00-17:00"", ""tuesday"": ""09:00-17:00"", ""wednesday"": ""09:00-17:00"", ""thursday"": ""09:00-17:00"", ""friday"": ""09:00-17:00"", ""saturday"": null, ""sunday"": null}"
e22ad4fd292a960d6ab729efb35c77207d107a9f7b4996366ee0029f945eec05,0.04,0.14,30.6,25,outdoor,new_hire,"{""monday"": ""09:00-17:00"", ""tuesday"": ""09:00-17:00"", ""wednesday"": ""09:00-17:00"", ""thursday"": ""09:00-17:00"", ""friday"": ""09:00-17:00"", ""saturday"": null, ""sunday"": null}"
40ebacb1ad4cf4b4439b5b2e1d4df2a35008b5c2fbf339ff92999a3d0a79a442,0.04,0.15,26.9,29,outdoor,new_hire,"{""monday"": ""09:00-17:00"", ""tuesday"": ""09:00-17:00"", ""wednesday"": ""09:00-17:00"", ""thursday"": ""09:00-17:00"", ""friday"": ""09:00-17:00"", ""saturday"": null, ""sunday"": null}"
a8c4451a1652ed2e2186143aee322ad03e9436111ee9690403954eb8a9fa3f9c,0.04,0.14,25.7,13,mixed,standard,"{""monday"": ""09:00-17:00"", ""tuesday"": ""09:00-17:00"", ""wednesday"": ""09:00-17:00"", ""thursday"": ""09:00-17:00"", ""friday"": ""09:00-17:00"", ""saturday"": null, ""sunday"": null}"
131aa3623b7357bc0c5d3eb017e214f6e59100ff8803bb14826019c91d52c355,0.1,0.13,33.5,13,outdoor,veteran,"{""monday"": ""09:00-17:00"", ""tuesday"": ""09:00-17:00"", ""wednesday"": ""09:00-17:00"", ""thursday"": ""09:00-17:00"", ""friday"": ""09:00-17:00"", ""saturday"": null, ""sunday"": null}"
ee51352360d899fa8e4742ca8783774eab2fcdd482ffa65d2c67c18152a199d5,0.05,0.14,31.1,17,mixed,standard,"{""monday"": ""09:00-17:00"", ""tuesday"": ""09:00-17:00"", ""wednesday"": ""09:00-17:00"", ""thursday"": ""09:00-17:00"", ""friday"": ""09:00-17:00"", ""saturday"": null, ""sunday"": null}"
9949e4bd96fc40277d57f000e5fc6bcae89685bdf5f4ca770befc4b48dd6c5b3,0.05,0.17,31.4,30,indoor,standard,"{""monday"": ""09:00-17:00"", ""tuesday"": ""09:00-17:00"", ""wednesday"": ""09:00-17:00"", ""thursday"": ""09:00-17:00"", ""friday"": ""09:00-17:00"", ""saturday"": null, ""sunday"": null}"
53d478c99df0598df5605b0119268cfca3ef1d4d96ec7fe5d472b8a861c5d0e1,0.04,0.14,29.6,30,mixed,new_hire,"{""monday"": ""09:00-17:00"", ""tuesday"": ""09:00-17:00"", ""wednesday"": ""09:00-17:00"", ""thursday"": ""09:00-17:00"", ""friday"": ""09:00-17:00"", ""saturday"": null, ""sunday"": null}"
c06bffbd2f82a55652a3a09393174ff61fadddc884826af84bf27ae386bef88c,0.06,0.15,32.1,30,mixed,new_hire,"{""monday"": ""09:00-17:00"", ""tuesday"": ""09:00-17:00"", ""wednesday"": ""09:00-17:00"", ""thursday"": ""09:00-17:00"", ""friday"": ""09:00-17:00"", ""saturday"": null, ""sunday"": null}"
ec77b73c51d61f1e86cec19d7f156c14f68c5ea897626095290167f1f223f80f,0.03,0.15,31.1,30,mixed,veteran,"{""monday"": ""09:00-17:00"", ""tuesday"": ""09:00-17:00"", ""wednesday"": ""09:00-17:00"", ""thursday"": ""09:00-17:00"", ""friday"": ""09:00-17:00"", ""saturday"": null, ""sunday"": null}"
ee7ac215817501f1297d7776d6b9a22b2dfdd5b516eecc1ada7b5edc0a33b8a5,0.04,0.18,31.1,19,outdoor,standard,"{""monday"": ""09:00-17:00"", ""tuesday"": ""09:00-17:00"", ""wednesday"": ""09:00-17:00"", ""thursday"": ""09:00-17:00"", ""friday"": ""09:00-17:00"", ""saturday"": null, ""sunday"": null}"
fff31375d6288788d804d41f6b5075d07c077d4aec4313f87406044ab635978d,0.0,0.09,42.0,0,mixed,new_hire,"{""monday"": ""09:00-17:00"", ""tuesday"": ""09:00-17:00"", ""wednesday"": ""09:00-17:00"", ""thursday"": ""09:00-17:00"", ""friday"": ""09:00-17:00"", ""saturday"": null, ""sunday"": null}"
7420f3aae81f01ffd873738f5d9f6aba79233d0e679770e7362b8176960df8c8,0.02,0.15,31.4,1,outdoor,veteran,"{""monday"": ""09:00-17:00"", ""tuesday"": ""09:00-17:00"", ""wednesday"": ""09:00-17:00"", ""thursday"": ""09:00-17:00"", ""friday"": ""09:00-17:00"", ""saturday"": null, ""sunday"": null}"
032d1c33dd26e923b6fcb63415f3951153579c65dddbb4c831673d865921776d,0.04,0.14,28.2,30,indoor,standard,"{""monday"": ""09:00-17:00"", ""tuesday"": ""09:00-17:00"", ""wednesday"": ""09:00-17:00"", ""thursday"": ""09:00-17:00"", ""friday"": ""09:00-17:00"", ""saturday"": null, ""sunday"": null}"
7b13446830364c11c944ed22d1529f2d989d498057d231da45de76ee1d21a316,0.07,0.17,30.8,30,mixed,veteran,"{""monday"": ""09:00-17:00"", ""tuesday"": ""09:00-17:00"", ""wednesday"": ""09:00-17:00"", ""thursday"": ""09:00-17:00"", ""friday"": ""09:00-17:00"", ""saturday"": null, ""sunday"": null}"
cb59b4644928e0ebbc2ef6aef9d3947cab698495704ded15eaf9ea6ecefddd7d,0.05,0.16,30.7,30,outdoor,standard,"{""monday"": ""09:00-17:00"", ""tuesday"": ""09:00-17:00"", ""wednesday"": ""09:00-17:00"", ""thursday"": ""09:00-17:00"", ""friday"": ""09:00-17:00"", ""saturday"": null, ""sunday"": null}"
8d2cdfd4e2bb839fa0658bad0d267023519acae6a9a432d0c307ac2441042ed7,0.04,0.13,32.5,18,outdoor,standard,"{""monday"": ""09:00-17:00"", ""tuesday"": ""09:00-17:00"", ""wednesday"": ""09:00-17:00"", ""thursday"": ""09:00-17:00"", ""friday"": ""09:00-17:00"", ""saturday"": null, ""sunday"": null}"
d3c573c9ce8c24c228a3d796db940c166716db124d8527595dd69b6d42fb6644,0.05,0.14,31.9,6,outdoor,veteran,"{""monday"": ""09:00-17:00"", ""tuesday"": ""09:00-17:00"", ""wednesday"": ""09:00-17:00"", ""thursday"": ""09:00-17:00"", ""friday"": ""09:00-17:00"", ""saturday"": null, ""sunday"": null}"
f17a26c5ff448ddd9086c4249f05c7bf212908777f8a48843f6e3418cffd159d,0.05,0.17,30.7,21,outdoor,new_hire,"{""monday"": ""09:00-17:00"", ""tuesday"": ""09:00-17:00"", ""wednesday"": ""09:00-17:00"", ""thursday"": ""09:00-17:00"", ""friday"": ""09:00-17:00"", ""saturday"": null, ""sunday"": null}"
99ac1b706f8197c7b76873749c3b41d6bb19734c55e69c3d32a15c3b60840127,0.04,0.16,29.2,28,mixed,standard,"{""monday"": ""09:00-17:00"", ""tuesday"": ""09:00-17:00"", ""wednesday"": ""09:00-17:00"", ""thursday"": ""09:00-17:00"", ""friday"": ""09:00-17:00"", ""saturday"": null, ""sunday"": null}"
a2af8d039d70e64b159975cc8243d1db0ea66e3ee370862dbf09218a37f9b16f,0.05,0.15,31.0,30,outdoor,veteran,"{""monday"": ""09:00-17:00"", ""tuesday"": ""09:00-17:00"", ""wednesday"": ""09:00-17:00"", ""thursday"": ""09:00-17:00"", ""friday"": ""09:00-17:00"", ""saturday"": null, ""sunday"": null}"
4350e8aff5c0a00da20df4a1158b020848ac88b2f418e7260b563ea3e706155f,0.04,0.15,30.7,23,mixed,new_hire,"{""monday"": ""09:00-17:00"", ""tuesday"": ""09:00-17:00"", ""wednesday"": ""09:00-17:00"", ""thursday"": ""09:00-17:00"", ""friday"": ""09:00-17:00"", ""saturday"": null, ""sunday"": null}"
7074531e2d2a2c3c61eea7d96f5124021b542a511ab0f12f61012f485e075962,0.05,0.16,31.6,22,mixed,new_hire,"{""monday"": ""09:00-17:00"", ""tuesday"": ""09:00-17:00"", ""wednesday"": ""09:00-17:00"", ""thursday"": ""09:00-17:00"", ""friday"": ""09:00-17:00"", ""saturday"": null, ""sunday"": null}"
ca9affac4f5487b42260e8dc040108dda9471776ce7c5f0accd358246764f3a1,0.05,0.16,31.8,30,indoor,new_hire,"{""monday"": ""09:00-17:00"", ""tuesday"": ""09:00-17:00"", ""wednesday"": ""09:00-17:00"", ""thursday"": ""09:00-17:00"", ""friday"": ""09:00-17:00"", ""saturday"": null, ""sunday"": null}"
d8ff996430ebe36d5bc3953bacb009f046596a4a1cac61c3d2ccb979b0decbf7,0.03,0.15,39.0,1,indoor,veteran,"{""monday"": ""09:00-17:00"", ""tuesday"": ""09:00-17:00"", ""wednesday"": ""09:00-17:00"", ""thursday"": ""09:00-17:00"", ""friday"": ""09:00-17:00"", ""saturday"": null, ""sunday"": null}"
7277d1c1d24c0c74c3e1fbe0c866d99da1448b8f34dcf3632779954dd0cd1198,0.04,0.15,30.7,8,outdoor,veteran,"{""monday"": ""09:00-17:00"", ""tuesday"": ""09:00-17:00"", ""wednesday"": ""09:00-17:00"", ""thursday"": ""09:00-17:00"", ""friday"": ""09:00-17:00"", ""saturday"": null, ""sunday"": null}"
e6bb2c6ac73e4291d41cb6b4ac17572d8e482b418a510ecfe50781f6d251e91d,0.04,0.16,30.4,13,indoor,new_hire,"{""monday"": ""09:00-17:00"", ""tuesday"": ""09:00-17:00"", ""wednesday"": ""09:00-17:00"", ""thursday"": ""09:00-17:00"", ""friday"": ""09:00-17:00"", ""saturday"": null, ""sunday"": null}"
a3d501ca99b9d173808eb832b1202bcf23876dba6ec6cee75a91ece694c345c0,0.05,0.14,29.8,29,outdoor,standard,"{""monday"": ""09:00-17:00"", ""tuesday"": ""09:00-17:00"", ""wednesday"": ""09:00-17:00"", ""thursday"": ""09:00-17:00"", ""friday"": ""09:00-17:00"", ""saturday"": null, ""sunday"": null}"
0e61c09f29ebdb36266036163ddf1da6f09f60d1801b478a872ba4e5c29cba81,0.02,0.18,32.1,5,indoor,new_hire,"{""monday"": ""09:00-17:00"", ""tuesday"": ""09:00-17:00"", ""wednesday"": ""09:00-17:00"", ""thursday"": ""09:00-17:00"", ""friday"": ""09:00-17:00"", ""saturday"": null, ""sunday"": null}"
17dcb51ea1f160bfc0b819c57ad78b9489aab119404e8766314225839226566f,0.05,0.13,26.5,29,mixed,veteran,"{""monday"": ""09:00-17:00"", ""tuesday"": ""09:00-17:00"", ""wednesday"": ""09:00-17:00"", ""thursday"": ""09:00-17:00"", ""friday"": ""09:00-17:00"", ""saturday"": null, ""sunday"": null}"
ee3081e6bdc60375d7728bff9c98538dc3022e7511be44f91c30b18d69bdaa15,0.05,0.12,27.2,30,mixed,new_hire,"{""monday"": ""09:00-17:00"", ""tuesday"": ""09:00-17:00"", ""wednesday"": ""09:00-17:00"", ""thursday"": ""09:00-17:00"", ""friday"": ""09:00-17:00"", ""saturday"": null, ""sunday"": null}"
176c7058b486d5eec1bea89faa82767368f5786191d16da7ecbd7c08368a5ecc,0.04,0.16,30.1,14,mixed,new_hire,"{""monday"": ""09:00-17:00"", ""tuesday"": ""09:00-17:00"", ""wednesday"": ""09:00-17:00"", ""thursday"": ""09:00-17:00"", ""friday"": ""09:00-17:00"", ""saturday"": null, ""sunday"": null}"
a877639d1e0eea2cee8917bfc416f0f9d67bdb372679cebac5a6fd92d7c8320d,0.05,0.15,33.5,23,mixed,standard,"{""monday"": ""09:00-17:00"", ""tuesday"": ""09:00-17:00"", ""wednesday"": ""09:00-17:00"", ""thursday"": ""09:00-17:00"", ""friday"": ""09:00-17:00"", ""saturday"": null, ""sunday"": null}"
91da01d57a00b730b678159f16f3e2c8463d58e28cc16d6de8120b275b80c29e,0.05,0.15,29.4,30,mixed,standard,"{""monday"": ""09:00-17:00"", ""tuesday"": ""09:00-17:00"", ""wednesday"": ""09:00-17:00"", ""thursday"": ""09:00-17:00"", ""friday"": ""09:00-17:00"", ""saturday"": null, ""sunday"": null}"
952c056ab414607ac78d8fbc19a77126d492af076f2a1560ca4465f25f4cce1b,0.05,0.13,30.1,14,indoor,new_hire,"{""monday"": ""09:00-17:00"", ""tuesday"": ""09:00-17:00"", ""wednesday"": ""09:00-17:00"", ""thursday"": ""09:00-17:00"", ""friday"": ""09:00-17:00"", ""saturday"": null, ""sunday"": null}"
b857c68bd278f2564e42d6060cb60abfafda308fac7ba27471e846cd127cee6d,0.04,0.14,30.2,27,indoor,new_hire,"{""monday"": ""09:00-17:00"", ""tuesday"": ""09:00-17:00"", ""wednesday"": ""09:00-17:00"", ""thursday"": ""09:00-17:00"", ""friday"": ""09:00-17:00"", ""saturday"": null, ""sunday"": null}"
7801e2c84c1cce4ee6883f87508c3f26de1223b520711583e8b77fff23003ce7,0.0,0.18,30.6,0,indoor,veteran,"{""monday"": ""09:00-17:00"", ""tuesday"": ""09:00-17:00"", ""wednesday"": ""09:00-17:00"", ""thursday"": ""09:00-17:00"", ""friday"": ""09:00-17:00"", ""saturday"": null, ""sunday"": null}"
3a3b405fece2ca59bafc915ae5b55716df8ff0a6e0d78e6724b7fafe17604681,0.04,0.15,31.0,30,outdoor,standard,"{""monday"": ""09:00-17:00"", ""tuesday"": ""09:00-17:00"", ""wednesday"": ""09:00-17:00"", ""thursday"": ""09:00-17:00"", ""friday"": ""09:00-17:00"", ""saturday"": null, ""sunday"": null}"
6c1c4f5d58f4c961d7fdd05a33655c269dad0e46de514bd9176f21c391fdb3b5,0.12,0.15,34.7,5,indoor,standard,"{""monday"": ""09:00-17:00"", ""tuesday"": ""09:00-17:00"", ""wednesday"": ""09:00-17:00"", ""thursday"": ""09:00-17:00"", ""friday"": ""09:00-17:00"", ""saturday"": null, ""sunday"": null}"
5ad62ca23f65795808272ecf8d9e67892b7d15432a0d33020f88b69fac1cbc92,0.06,0.16,32.4,30,indoor,new_hire,"{""monday"": ""09:00-17:00"", ""tuesday"": ""09:00-17:00"", ""wednesday"": ""09:00-17:00"", ""thursday"": ""09:00-17:00"", ""friday"": ""09:00-17:00"", ""saturday"": null, ""sunday"": null}"
7d30b0dea14d81ce76dec61a074add9233fee48eb50e96daae43fc361a04382f,0.05,0.16,29.2,30,indoor,new_hire,"{""monday"": ""09:00-17:00"", ""tuesday"": ""09:00-17:00"", ""wednesday"": ""09:00-17:00"", ""thursday"": ""09:00-17:00"", ""friday"": ""09:00-17:00"", ""saturday"": null, ""sunday"": null}"
476fa0c378475a0b04bd8308bdcbbfc009016bb51ae4ca139a74900b614cb0da,0.06,0.17,29.4,30,outdoor,standard,"{""monday"": ""09:00-17:00"", ""tuesday"": ""09:00-17:00"", ""wednesday"": ""09:00-17:00"", ""thursday"": ""09:00-17:00"", ""friday"": ""09:00-17:00"", ""saturday"": null, ""sunday"": null}"
80f4b5b85c177801801b088733f9a8a06129889e65ef358f3b46d71a1f109622,0.07,0.16,31.8,29,indoor,new_hire,"{""monday"": ""09:00-17:00"", ""tuesday"": ""09:00-17:00"", ""wednesday"": ""09:00-17:00"", ""thursday"": ""09:00-17:00"", ""friday"": ""09:00-17:00"", ""saturday"": null, ""sunday"": null}"
75a6b6a86112322d2a3f2707d6309bb13b68604274696bf150b5fc72825a09be,0.05,0.14,29.1,30,indoor,standard,"{""monday"": ""09:00-17:00"", ""tuesday"": ""09:00-17:00"", ""wednesday"": ""09:00-17:00"", ""thursday"": ""09:00-17:00"", ""friday"": ""09:00-17:00"", ""saturday"": null, ""sunday"": null}"
721fd9f5c88cf302aff9f4214f642dd53fe4e2aa380ea524fd32ce6a4a74d1d8,0.04,0.17,31.4,25,outdoor,veteran,"{""monday"": ""09:00-17:00"", ""tuesday"": ""09:00-17:00"", ""wednesday"": ""09:00-17:00"", ""thursday"": ""09:00-17:00"", ""friday"": ""09:00-17:00"", ""saturday"": null, ""sunday"": null}"
ebd8f5e767649bc7bef03483220879c8f24a66499558671e0469a129f4dd0ac1,0.07,0.15,26.8,24,mixed,standard,"{""monday"": ""09:00-17:00"", ""tuesday"": ""09:00-17:00"", ""wednesday"": ""09:00-17:00"", ""thursday"": ""09:00-17:00"", ""friday"": ""09:00-17:00"", ""saturday"": null, ""sunday"": null}"
527b8f391da967cf772653b3bd5b2853eeb4335fbb41348b274dbffba6c82cb1,0.06,0.15,33.5,26,indoor,standard,"{""monday"": ""09:00-17:00"", ""tuesday"": ""09:00-17:00"", ""wednesday"": ""09:00-17:00"", ""thursday"": ""09:00-17:00"", ""friday"": ""09:00-17:00"", ""saturday"": null, ""sunday"": null}"
6101c50c7f75916d64547ea4c60b52d2201cefc13dddd40e4ee2a15a5df1c9d7,0.05,0.14,35.2,4,outdoor,standard,"{""monday"": ""09:00-17:00"", ""tuesday"": ""09:00-17:00"", ""wednesday"": ""09:00-17:00"", ""thursday"": ""09:00-17:00"", ""friday"": ""09:00-17:00"", ""saturday"": null, ""sunday"": null}"
2e381ce93b7ff4d95de73b4d9c5296c1de312c3e25eb86c32914e1251cf044bd,0.0,0.24,21.0,0,mixed,veteran,"{""monday"": ""09:00-17:00"", ""tuesday"": ""09:00-17:00"", ""wednesday"": ""09:00-17:00"", ""thursday"": ""09:00-17:00"", ""friday"": ""09:00-17:00"", ""saturday"": null, ""sunday"": null}"
46defd0de60c10cdcad217ab0b5106fe815239b5b81cd17b87528d1b682ea324,0.0,0.13,21.5,0,mixed,standard,"{""monday"": ""09:00-17:00"", ""tuesday"": ""09:00-17:00"", ""wednesday"": ""09:00-17:00"", ""thursday"": ""09:00-17:00"", ""friday"": ""09:00-17:00"", ""saturday"": null, ""sunday"": null}"
4d912ddb728cdb6f0e642755c1624aef42c82565829a73c35b34751c0d51d1d5,0.05,0.14,28.6,25,mixed,veteran,"{""monday"": ""09:00-17:00"", ""tuesday"": ""09:00-17:00"", ""wednesday"": ""09:00-17:00"", ""thursday"": ""09:00-17:00"", ""friday"": ""09:00-17:00"", ""saturday"": null, ""sunday"": null}"
7e9a475b5afb89fc81c5dc160c737e3b85b07f84af3ba01c0346a71c410ddda9,0.07,0.13,27.2,10,mixed,new_hire,"{""monday"": ""09:00-17:00"", ""tuesday"": ""09:00-17:00"", ""wednesday"": ""09:00-17:00"", ""thursday"": ""09:00-17:00"", ""friday"": ""09:00-17:00"", ""saturday"": null, ""sunday"": null}"
3db59e338430a09704606e0d27777ca09723259b5f96990307063d4dc79eb532,0.05,0.16,29.3,30,outdoor,new_hire,"{""monday"": ""09:00-17:00"", ""tuesday"": ""09:00-17:00"", ""wednesday"": ""09:00-17:00"", ""thursday"": ""09:00-17:00"", ""friday"": ""09:00-17:00"", ""saturday"": null, ""sunday"": null}"
d3cf9b273ebd8c3f6f03349863a75ec7e011abd173163dd2213e1479ae465891,0.05,0.15,28.2,17,indoor,veteran,"{""monday"": ""09:00-17:00"", ""tuesday"": ""09:00-17:00"", ""wednesday"": ""09:00-17:00"", ""thursday"": ""09:00-17:00"", ""friday"": ""09:00-17:00"", ""saturday"": null, ""sunday"": null}"
65f9b7a3dfaeeb36dabac6535819e63fe19cb3d8a26cbfbae6a56e25ab47c00c,0.06,0.18,31.4,21,indoor,new_hire,"{""monday"": ""09:00-17:00"", ""tuesday"": ""09:00-17:00"", ""wednesday"": ""09:00-17:00"", ""thursday"": ""09:00-17:00"", ""friday"": ""09:00-17:00"", ""saturday"": null, ""sunday"": null}"
7bb2c71fa4d439df6b23bc9da1fc75fdb3f637f95e9aa1a49b1ae3b93e395edf,0.07,0.13,35.7,11,indoor,veteran,"{""monday"": ""09:00-17:00"", ""tuesday"": ""09:00-17:00"", ""wednesday"": ""09:00-17:00"", ""thursday"": ""09:00-17:00"", ""friday"": ""09:00-17:00"", ""saturday"": null, ""sunday"": null}"
d1a61d97f5f6d9b2931d1007bcf676c18f4abe3b54857840477c62916705d9bd,0.05,0.15,30.8,25,indoor,new_hire,"{""monday"": ""09:00-17:00"", ""tuesday"": ""09:00-17:00"", ""wednesday"": ""09:00-17:00"", ""thursday"": ""09:00-17:00"", ""friday"": ""09:00-17:00"", ""saturday"": null, ""sunday"": null}"
094865bc168848accda5c23a503438427dcca5751c1898cc9acc9ef99b180ba5,0.07,0.19,32.3,30,indoor,standard,"{""monday"": ""09:00-17:00"", ""tuesday"": ""09:00-17:00"", ""wednesday"": ""09:00-17:00"", ""thursday"": ""09:00-17:00"", ""friday"": ""09:00-17:00"", ""saturday"": null, ""sunday"": null}"
560b3111e55c645e6db94107e41d70e6a18430cb17f97b9c4a2d878da4e4f121,0.06,0.16,28.0,30,outdoor,standard,"{""monday"": ""09:00-17:00"", ""tuesday"": ""09:00-17:00"", ""wednesday"": ""09:00-17:00"", ""thursday"": ""09:00-17:00"", ""friday"": ""09:00-17:00"", ""saturday"": null, ""sunday"": null}"
bd3092480a33f5562b5e7383da409e406e7a4d7b8d4d5d3ce034d24a20da22ac,0.05,0.16,32.9,22,outdoor,veteran,"{""monday"": ""09:00-17:00"", ""tuesday"": ""09:00-17:00"", ""wednesday"": ""09:00-17:00"", ""thursday"": ""09:00-17:00"", ""friday"": ""09:00-17:00"", ""saturday"": null, ""sunday"": null}"
